,Transaction_ID,Timestamp,Vehicle_Type,FastagID,TollBoothID,Lane_Type,Vehicle_Dimensions,Transaction_Amount,Amount_paid,Geographical_Location,Vehicle_Speed,Vehicle_Plate_Number,Fraud_indicator,Date,Day,Hour
2109,2110,2023-12-01 05:05:00,Motorcycle,FTG-354-BCD-567,D-106,Regular,Small,0,0,"13.21331620748757, 77.55413526894684",83,GA27EF9012,0,2023-12-01,1,5
2257,2258,2023-12-01 05:15:00,Truck,FTG-217-LKI-149,C-103,Regular,Large,330,330,"13.21331620748757, 77.55413526894684",75,GA76MN5678,0,2023-12-01,1,5
1795,1796,2023-12-01 05:30:00,Truck,FTG-383-ABC-678,C-103,Regular,Large,300,300,"12.936687032945434, 77.53113977439017",51,KA34NO1241,0,2023-12-01,1,5
4629,4630,2023-12-01 13:22:00,Car,FTG-089-QAZ-321,A-101,Regular,Small,90,90,"13.21331620748757, 77.55413526894684",89,KA56EF4567,0,2023-12-01,1,13
977,978,2023-12-01 14:07:00,Van,FTG-831-ZAS-987,B-102,Regular,Medium,110,110,"13.042660878688794, 77.47580097259879",83,MH10ST3344,0,2023-12-01,1,14
4758,4759,2023-12-01 14:28:00,Van,FTG-218-UYT-877,B-102,Express,Medium,125,125,"13.21331620748757, 77.55413526894684",59,TN45IJ0123,0,2023-12-01,1,14
4414,4415,2023-12-02 07:11:00,Truck,FTG-404-DEF-498,C-103,Express,Large,300,300,"12.936687032945434, 77.53113977439017",65,GJ45GH6789,0,2023-12-02,2,7
1796,1797,2023-12-02 07:45:00,Van,FTG-616-DEF-901,B-102,Express,Medium,120,120,"12.936687032945434, 77.53113977439017",44,KA34NO1242,0,2023-12-02,2,7
2110,2111,2023-12-02 10:55:00,Truck,FTG-587-EFG-890,C-103,Express,Large,330,330,"13.21331620748757, 77.55413526894684",71,MH27GH3456,0,2023-12-02,2,10
987,988,2023-12-02 14:15:00,Bus ,FTG-901-STU-567,C-103,Regular,Large,290,100,"13.042660878688794, 77.47580097259879",91,MH20GG3344,1,2023-12-02,2,14
3344,3345,2023-12-02 14:48:00,Van,FTG-697-PLN-109,B-102,Express,Medium,110,110,"13.042660878688794, 77.47580097259879",60,KA23GH8901,0,2023-12-02,2,14
4950,4951,2023-12-02 22:26:00,Bus ,FTG-410-MNO-211,C-103,Express,Large,330,330,"13.21331620748757, 77.55413526894684",54,AP78GH2345,0,2023-12-02,2,22
4672,4673,2023-12-03 06:24:00,Motorcycle,,D-106,Regular,Small,0,0,"13.21331620748757, 77.55413526894684",65,DL09YZ5678,0,2023-12-03,3,6
4800,4801,2023-12-03 06:30:00,Van,FTG-260-QAZ-210,B-102,Express,Medium,125,90,"13.21331620748757, 77.55413526894684",63,TS67ST4567,1,2023-12-03,3,6
1797,1798,2023-12-03 10:15:00,Sedan,FTG-849-GHI-234,A-101,Regular,Medium,110,100,"12.936687032945434, 77.53113977439017",59,KA34NO1243,1,2023-12-03,3,10
4307,4308,2023-12-03 12:20:00,Car,FTG-042-YZA-222,A-101,Regular,Small,70,70,"12.936687032945434, 77.53113977439017",57,GA12GH4567,0,2023-12-03,3,12
997,998,2023-12-03 14:23:00,Truck,FTG-901-WXY-567,C-103,Regular,Large,290,60,"13.042660878688794, 77.47580097259879",86,AP04ST7890,1,2023-12-03,3,14
2111,2112,2023-12-03 16:45:00,Van,FTG-820-HIJ-123,B-102,Regular,Medium,125,90,"13.21331620748757, 77.55413526894684",97,AP28IJ7890,1,2023-12-03,3,16
4586,4587,2023-12-03 21:20:00,Bus ,FTG-046-POI-210,C-103,Express,Large,330,330,"13.21331620748757, 77.55413526894684",68,DL09UV4567,0,2023-12-03,3,21
4457,4458,2023-12-03 23:13:00,Van,FTG-447-XCV-101,B-102,Regular,Medium,120,120,"12.936687032945434, 77.53113977439017",91,TN23OP0123,0,2023-12-03,3,23
3367,3368,2023-12-04 01:35:00,SUV,FTG-720-TYU-210,B-102,Regular,Large,130,130,"13.042660878688794, 77.47580097259879",77,KA78WX8901,0,2023-12-04,4,1
4543,4544,2023-12-04 06:17:00,SUV,FTG-613-POI-321,B-102,Regular,Large,145,145,"13.21331620748757, 77.55413526894684",96,KA89OP0123,0,2023-12-04,4,6
1798,1799,2023-12-04 12:30:00,SUV,FTG-082-JKL-567,B-102,Express,Large,140,140,"12.936687032945434, 77.53113977439017",54,KA34NO1244,0,2023-12-04,4,12
1007,1008,2023-12-04 14:30:00,SUV,FTG-901-BCA-567,B-102,Regular,Large,150,150,"12.84197701525119, 77.67547528176169",92,GA07MN5678,0,2023-12-04,4,14
2802,2803,2023-12-04 19:33:00,Car,FTG-234-RGV-098,A-101,Express,Small,120,120,"13.059816123454882, 77.77068662374292",64,KA34DE4567,0,2023-12-04,4,19
3894,3895,2023-12-04 20:06:00,Car,FTG-758-VFR-876,A-101,Express,Small,100,100,"12.84197701525119, 77.67547528176169",65,GA01ST8901,0,2023-12-04,4,20
4177,4178,2023-12-04 21:49:00,Van,FTG-167-MKF-169,B-102,Regular,Medium,120,120,"12.936687032945434, 77.53113977439017",63,DL34KL2345,0,2023-12-04,4,21
4715,4716,2023-12-04 22:26:00,Truck,FTG-175-YUI-765,C-103,Regular,Large,330,330,"13.21331620748757, 77.55413526894684",81,TN12AB8901,0,2023-12-04,4,22
4843,4844,2023-12-04 22:33:00,Sedan,FTG-303-PQR-321,A-101,Regular,Medium,115,115,"13.21331620748757, 77.55413526894684",74,MH01MN4567,0,2023-12-04,4,22
2112,2113,2023-12-04 23:30:00,Sedan,FTG-053-KLM-456,A-101,Express,Medium,115,115,"13.21331620748757, 77.55413526894684",46,GA28KL1234,0,2023-12-04,4,23
2113,2114,2023-12-05 04:15:00,SUV,FTG-286-NOP-789,B-102,Regular,Large,145,145,"13.21331620748757, 77.55413526894684",81,MH28MN5678,0,2023-12-05,5,4
1017,1018,2023-12-05 14:37:00,Motorcycle,FTG-901-EFG-567,D-106,Regular,Small,0,0,"12.84197701525119, 77.67547528176169",80,MH10GH3456,0,2023-12-05,5,14
1799,1800,2023-12-05 14:45:00,Bus ,FTG-315-MNO-890,C-103,Regular,Large,300,70,"12.936687032945434, 77.53113977439017",43,KA34NO1245,1,2023-12-05,5,14
4886,4887,2023-12-05 15:35:00,SUV,FTG-346-POI-432,B-102,Express,Large,145,90,"13.21331620748757, 77.55413526894684",55,RJ78CD0123,1,2023-12-05,5,15
4242,4243,2023-12-05 17:06:00,SUV,FTG-046-DEF-666,B-102,Express,Large,140,140,"12.936687032945434, 77.53113977439017",61,KA89CD6739,0,2023-12-05,5,17
3981,3982,2023-12-05 19:36:00,Van,FTG-456-YUI-971,B-102,Regular,Medium,130,100,"12.84197701525119, 77.67547528176169",86,GA78JK5678,1,2023-12-05,5,19
2267,2268,2023-12-06 03:45:00,SUV,FTG-227-HGT-102,B-102,Regular,Large,145,145,"13.21331620748757, 77.55413526894684",73,MH79GH3456,0,2023-12-06,6,3
2114,2115,2023-12-06 10:05:00,Bus ,FTG-519-QRS-012,C-103,Express,Large,330,330,"13.21331620748757, 77.55413526894684",64,AP29OP9012,0,2023-12-06,6,10
4500,4501,2023-12-06 13:15:00,Sedan,FTG-490-RFD-210,A-101,Express,Medium,115,90,"13.21331620748757, 77.55413526894684",52,BR45GH2345,1,2023-12-06,6,13
1027,1028,2023-12-06 14:44:00,Sedan,FTG-901-IJK-567,A-101,Regular,Medium,120,120,"12.84197701525119, 77.67547528176169",84,AP14AB1234,0,2023-12-06,6,14
1800,1801,2023-12-06 17:15:00,Car,FTG-548-PQR-123,A-101,Express,Small,70,70,"12.936687032945434, 77.53113977439017",56,KA74QR4569,0,2023-12-06,6,17
3162,3163,2023-12-06 17:43:00,Van,FTG-437-NJI-129,B-102,Express,Medium,110,110,"13.042660878688794, 77.47580097259879",43,KL89IJ2345,0,2023-12-06,6,17
4090,4091,2023-12-06 23:20:00,Car,FTG-080-TGB-018,A-101,Express,Small,70,70,"12.936687032945434, 77.53113977439017",70,KA01KL1234,0,2023-12-06,6,23
2277,2278,2023-12-07 02:15:00,Motorcycle,,D-106,Regular,Small,0,0,"13.21331620748757, 77.55413526894684",79,AP83AB1234,0,2023-12-07,7,2
4929,4930,2023-12-07 09:37:00,Bus ,FTG-389-QAZ-545,C-103,Regular,Large,330,330,"13.21331620748757, 77.55413526894684",96,AP67QR8901,0,2023-12-07,7,9
3254,3255,2023-12-07 12:00:00,Sedan,FTG-511-QWE-967,A-101,Express,Medium,100,60,"13.042660878688794, 77.47580097259879",28,GJ67EF4567,1,2023-12-07,7,12
1037,1038,2023-12-07 14:51:00,Car,FTG-901-MNO-567,A-101,Regular,Small,100,100,"12.84197701525119, 77.67547528176169",85,GA17UV1234,0,2023-12-07,7,14
2115,2116,2023-12-07 16:50:00,Car,FTG-752-TUV-345,A-101,Regular,Small,90,90,"13.21331620748757, 77.55413526894684",93,GA29QR3456,0,2023-12-07,7,16
3785,3786,2023-12-07 17:22:00,Van,FTG-107-WSX-987,B-102,Regular,Medium,130,100,"12.84197701525119, 77.67547528176169",97,AP34MN0123,1,2023-12-07,7,17
1801,1802,2023-12-07 19:30:00,Motorcycle,FTG-781-STU-456,D-106,Regular,Small,0,0,"12.936687032945434, 77.53113977439017",50,KA74QR4570,0,2023-12-07,7,19
3720,3721,2023-12-07 23:06:00,Motorcycle,,D-106,Regular,Small,0,0,"12.84197701525119, 77.67547528176169",49,MH34IJ6789,0,2023-12-07,7,23
2710,2711,2023-12-08 04:23:00,Bus ,FTG-211-QWE-887,C-103,Express,Large,350,120,"13.059816123454882, 77.77068662374292",58,KA23PB8901,1,2023-12-08,8,4
2527,2528,2023-12-08 14:14:00,SUV,FTG-128-WSX-654,B-102,Regular,Large,180,180,"13.059816123454882, 77.77068662374292",95,KA34XY2341,0,2023-12-08,8,14
1047,1048,2023-12-08 14:58:00,Van,FTG-901-QRS-567,B-102,Regular,Medium,130,130,"12.84197701525119, 77.67547528176169",97,MH20OP9012,0,2023-12-08,8,14
3071,3072,2023-12-08 16:18:00,Van,FTG-652-BVC-654,B-102,Regular,Medium,110,110,"13.042660878688794, 77.47580097259879",57,KA12MN0123,0,2023-12-08,8,16
1802,1803,2023-12-08 21:45:00,Truck,FTG-014-VWX-789,C-103,Express,Large,300,300,"12.936687032945434, 77.53113977439017",45,KA74QR4571,0,2023-12-08,8,21
2116,2117,2023-12-08 22:40:00,Motorcycle,FTG-985-WXY-678,D-106,Regular,Small,0,0,"13.21331620748757, 77.55413526894684",57,MH29ST7890,0,2023-12-08,8,22
2286,2287,2023-12-09 00:45:00,Van,FTG-246-POI-482,B-102,Express,Medium,125,125,"13.21331620748757, 77.55413526894684",62,AP86ST7890,0,2023-12-09,9,0
2797,2798,2023-12-09 01:42:00,Truck,FTG-189-WSX-543,C-103,Regular,Large,350,350,"13.059816123454882, 77.77068662374292",83,KA30DE8901,0,2023-12-09,9,1
2117,2118,2023-12-09 05:25:00,Truck,FTG-218-ABC-567,C-103,Regular,Large,330,330,"13.21331620748757, 77.55413526894684",86,AP30UV1234,0,2023-12-09,9,5
2732,2733,2023-12-09 07:33:00,Car,FTG-233-JPP-321,A-101,Express,Small,120,120,"13.059816123454882, 77.77068662374292",46,KA66AB5566,0,2023-12-09,9,7
3322,3323,2023-12-09 18:20:00,Truck,FTG-579-RFD-543,C-103,Express,Large,290,290,"13.042660878688794, 77.47580097259879",87,KA78JR2345,0,2023-12-09,9,18
4393,4394,2023-12-09 19:22:00,Truck,FTG-177-JKL-777,C-103,Regular,Large,300,300,"12.936687032945434, 77.53113977439017",48,HR78QR5678,0,2023-12-09,9,19
1803,1804,2023-12-10 00:15:00,Van,FTG-247-YZA-012,B-102,Regular,Medium,120,120,"12.936687032945434, 77.53113977439017",55,KA74QR4572,0,2023-12-10,10,0
4608,4609,2023-12-10 00:33:00,Car,FTG-068-DCV-654,A-101,Express,Small,90,90,"13.21331620748757, 77.55413526894684",60,KA45OP0123,0,2023-12-10,10,0
4350,4351,2023-12-10 04:20:00,Motorcycle,,D-106,Regular,Small,0,0,"12.936687032945434, 77.53113977439017",43,GA34OP2345,0,2023-12-10,10,4
2118,2119,2023-12-10 11:15:00,Van,FTG-451-DEF-890,B-102,Express,Medium,125,125,"13.21331620748757, 77.55413526894684",55,GA30WX5678,0,2023-12-10,10,11
3763,3764,2023-12-10 14:08:00,Truck,FTG-133-CED-103,C-103,Regular,Large,340,150,"12.84197701525119, 77.67547528176169",77,AP12UV3456,1,2023-12-10,10,14
3676,3677,2023-12-10 15:39:00,Bus ,FTG-030-LPO-210,C-103,Express,Large,340,340,"12.84197701525119, 77.67547528176169",50,KA89HI1234,0,2023-12-10,10,15
2980,2981,2023-12-10 16:23:00,Van,FTG-481-BVC-957,B-102,Express,Medium,140,140,"13.059816123454882, 77.77068662374292",52,KA12IB3456,0,2023-12-10,10,16
2640,2641,2023-12-10 16:44:00,Bus ,FTG-121-ZXC-987,C-103,Express,Large,350,350,"13.059816123454882, 77.77068662374292",59,KA45KL8901,0,2023-12-10,10,16
4779,4780,2023-12-10 18:42:00,Van,FTG-239-UTY-541,B-102,Regular,Medium,125,125,"13.21331620748757, 77.55413526894684",89,TN56AB4567,0,2023-12-10,10,18
4068,4069,2023-12-10 19:06:00,Bus ,FTG-273-UIP-123,C-103,Express,Large,300,90,"12.936687032945434, 77.53113977439017",77,KA45JK4567,1,2023-12-10,10,19
3545,3546,2023-12-10 20:42:00,Motorcycle,,D-106,Regular,Small,0,0,"12.84197701525119, 77.67547528176169",83,KA67WX1234,0,2023-12-10,10,20
3698,3699,2023-12-10 20:53:00,Car,FTG-052-BVC-654,A-101,Express,Small,100,100,"12.84197701525119, 77.67547528176169",46,KA67ZA4567,0,2023-12-10,10,20
2915,2916,2023-12-10 22:28:00,Motorcycle,,D-105,Regular,Small,0,0,"13.059816123454882, 77.77068662374292",87,KA01DC8901,0,2023-12-10,10,22
3389,3390,2023-12-10 23:33:00,Bus ,FTG-742-VBN-654,C-103,Regular,Large,290,290,"13.042660878688794, 77.47580097259879",88,KA01KL5678,0,2023-12-10,10,23
3480,3481,2023-12-11 00:25:00,Bus ,FTG-834-RFV-098,C-103,Express,Large,290,290,"13.042660878688794, 77.47580097259879",46,KA01GH5778,0,2023-12-11,11,0
1804,1805,2023-12-11 02:30:00,Sedan,FTG-480-BCD-345,A-101,Express,Medium,110,110,"12.936687032945434, 77.53113977439017",48,KA74QR4573,0,2023-12-11,11,2
3414,3415,2023-12-11 14:44:00,Van,FTG-767-MKF-109,B-102,Express,Medium,110,110,"13.042660878688794, 77.47580097259879",65,KA90IZ1234,0,2023-12-11,11,14
4046,4047,2023-12-11 14:53:00,SUV,FTG-036-OKM-210,B-102,Express,Large,140,140,"12.936687032945434, 77.53113977439017",72,KA23RS6789,0,2023-12-11,11,14
4651,4652,2023-12-11 17:35:00,Motorcycle,,D-106,Regular,Small,0,0,"13.21331620748757, 77.55413526894684",77,KA78YZ2345,0,2023-12-11,11,17
2119,2120,2023-12-11 18:00:00,Sedan,FTG-684-GHI-123,A-101,Regular,Medium,115,115,"13.21331620748757, 77.55413526894684",82,MH30YZ9012,0,2023-12-11,11,18
3436,3437,2023-12-11 18:58:00,Sedan,FTG-789-QAZ-545,A-101,Express,Medium,100,100,"13.042660878688794, 77.47580097259879",87,KA45EF5678,0,2023-12-11,11,18
2662,2663,2023-12-11 19:59:00,Car,FTG-133-ZXC-321,A-101,Express,Small,120,120,"13.059816123454882, 77.77068662374292",44,KA65YZ8901,0,2023-12-11,11,19
3458,3459,2023-12-11 22:12:00,SUV,FTG-811-QWE-987,B-102,Express,Large,130,130,"13.042660878688794, 77.47580097259879",58,KA78ST5678,0,2023-12-11,11,22
2296,2297,2023-12-11 23:15:00,Bus ,FTG-256-LMK-422,C-103,Express,Large,330,330,"13.21331620748757, 77.55413526894684",69,GA89MN5678,0,2023-12-11,11,23
3297,3298,2023-12-12 01:08:00,SUV,FTG-554-KJH-098,B-102,Regular,Large,130,130,"13.042660878688794, 77.47580097259879",65,GJ12EF2345,0,2023-12-12,12,1
4737,4738,2023-12-12 02:40:00,Van,FTG-197-PLN-109,B-102,Regular,Medium,125,125,"13.21331620748757, 77.55413526894684",78,TN34ST6789,0,2023-12-12,12,2
4972,4973,2023-12-12 03:39:00,Car,FTG-432-IXC-654,A-101,Express,Small,90,90,"13.21331620748757, 77.55413526894684",56,AP90YZ0123,0,2023-12-12,12,3
1805,1806,2023-12-12 04:45:00,SUV,FTG-713-EFG-678,B-102,Regular,Large,140,140,"12.936687032945434, 77.53113977439017",60,KA74QR4574,0,2023-12-12,12,4
3345,3346,2023-12-12 05:05:00,Sedan,FTG-698-VFR-876,A-101,Regular,Medium,100,100,"13.042660878688794, 77.47580097259879",56,KA45IJ5678,0,2023-12-12,12,5
2845,2846,2023-12-12 10:28:00,Motorcycle,,D-105,Regular,Small,0,0,"13.059816123454882, 77.77068662374292",84,KA74DE4567,0,2023-12-12,12,10
3093,3094,2023-12-12 19:18:00,Sedan,FTG-674-VFR-098,A-101,Regular,Medium,100,100,"13.042660878688794, 77.47580097259879",46,KL23KL2345,0,2023-12-12,12,19
2306,2307,2023-12-12 21:45:00,Truck,FTG-266-HGT-422,C-103,Express,Large,330,330,"13.21331620748757, 77.55413526894684",52,MH92GH3456,0,2023-12-12,12,21
2120,2121,2023-12-12 23:50:00,SUV,FTG-917-JKL-456,B-102,Express,Large,145,145,"13.21331620748757, 77.55413526894684",63,AP31AB1234,0,2023-12-12,12,23
2092,2093,2023-12-13 06:35:00,SUV,FTG-393-CDE-456,B-102,Express,Large,145,115,"13.21331620748757, 77.55413526894684",69,MH21WX5678,1,2023-12-13,13,6
1806,1807,2023-12-13 07:15:00,Bus ,FTG-946-HIJ-901,C-103,Express,Large,300,300,"12.936687032945434, 77.53113977439017",42,KA74QR4575,0,2023-12-13,13,7
3873,3874,2023-12-13 07:18:00,Car,FTG-529-QAZ-543,A-101,Regular,Small,100,100,"12.84197701525119, 77.67547528176169",80,TN89RS0123,0,2023-12-13,13,7
3960,3961,2023-12-13 07:47:00,Van,FTG-100-GHJ-012,B-102,Express,Medium,130,100,"12.84197701525119, 77.67547528176169",55,GA67TU2345,1,2023-12-13,13,7
4156,4157,2023-12-13 09:01:00,Van,FTG-146-PGI-432,B-102,Express,Medium,120,120,"12.936687032945434, 77.53113977439017",63,DL89UV0123,0,2023-12-13,13,9
4565,4566,2023-12-13 09:31:00,Bus ,FTG-635-EDC-765,C-103,Regular,Large,330,330,"13.21331620748757, 77.55413526894684",82,AP23EF1234,0,2023-12-13,13,9
2549,2550,2023-12-13 17:28:00,Bus ,FTG-040-HGT-098,C-103,Regular,Large,350,350,"13.059816123454882, 77.77068662374292",97,KA90PQ5673,0,2023-12-13,13,17
4522,4523,2023-12-13 17:29:00,SUV,FTG-512-ZXC-654,B-102,Express,Large,145,145,"13.21331620748757, 77.55413526894684",58,RJ78YZ6789,0,2023-12-13,13,17
2824,2825,2023-12-13 22:43:00,Motorcycle,,D-105,Regular,Small,0,0,"13.059816123454882, 77.77068662374292",61,KA55DE8901,0,2023-12-13,13,22
3006,3007,2023-12-13 22:53:00,Motorcycle,,D-106,Regular,Small,0,0,"13.042660878688794, 77.47580097259879",64,KA23WX0123,0,2023-12-13,13,22
3916,3917,2023-12-14 00:20:00,Motorcycle,,D-106,Regular,Small,0,0,"12.84197701525119, 77.67547528176169",54,KA45CD5678,0,2023-12-14,14,0
4286,4287,2023-12-14 00:34:00,Car,FTG-090-WXY-000,A-101,Express,Small,70,0,"12.936687032945434, 77.53113977439017",60,GA67QR2345,1,2023-12-14,14,0
3633,3634,2023-12-14 00:37:00,SUV,FTG-987-HGT-104,B-102,Regular,Large,150,150,"12.84197701525119, 77.67547528176169",90,KA56ZA0123,0,2023-12-14,14,0
4025,4026,2023-12-14 03:03:00,SUV,FTG-015-DCV-543,B-102,Regular,Large,140,90,"12.936687032945434, 77.53113977439017",75,KA12BC3456,1,2023-12-14,14,3
4221,4222,2023-12-14 05:18:00,SUV,FTG-025-HIJ-555,B-102,Regular,Large,140,140,"12.936687032945434, 77.53113977439017",50,KA78MN1345,0,2023-12-14,14,5
4994,4995,2023-12-14 06:53:00,Motorcycle,,D-106,Regular,Small,0,0,"13.21331620748757, 77.55413526894684",46,AP12QR8901,0,2023-12-14,14,6
1807,1808,2023-12-14 09:30:00,Car,FTG-179-KLM-234,A-101,Regular,Small,70,70,"12.936687032945434, 77.53113977439017",57,KA74QR4576,0,2023-12-14,14,9
4694,4695,2023-12-14 09:38:00,Truck,FTG-154-KJH-098,C-103,Express,Large,330,125,"13.21331620748757, 77.55413526894684",69,GA12AB8901,1,2023-12-14,14,9
4436,4437,2023-12-14 11:25:00,Van,FTG-426-PFM-432,B-102,Express,Medium,120,100,"12.936687032945434, 77.53113977439017",48,BR45YZ8901,1,2023-12-14,14,11
2093,2094,2023-12-14 12:25:00,Bus ,FTG-626-FGH-789,C-103,Regular,Large,330,330,"13.21331620748757, 77.55413526894684",94,AP22YZ9012,0,2023-12-14,14,12
3567,3568,2023-12-14 12:55:00,Truck,FTG-921-BVC-987,C-103,Regular,Large,340,340,"12.84197701525119, 77.67547528176169",80,KA12MN5678,0,2023-12-14,14,12
2315,2316,2023-12-14 20:15:00,Sedan,FTG-275-YUI-765,A-101,Regular,Medium,115,90,"13.21331620748757, 77.55413526894684",97,MH95YZ9012,1,2023-12-14,14,20
3807,3808,2023-12-14 20:36:00,Sedan,FTG-104-DEF-110,A-101,Regular,Medium,120,120,"12.84197701525119, 77.67547528176169",83,TN23QR6789,0,2023-12-14,14,20
2571,2572,2023-12-14 21:42:00,Car,FTG-062-QAZ-432,A-101,Regular,Small,120,120,"13.059816123454882, 77.77068662374292",91,KA78HI8101,0,2023-12-14,14,21
2684,2685,2023-12-14 23:12:00,Motorcycle,,D-105,Regular,Small,0,0,"13.059816123454882, 77.77068662374292",74,KA89YB1234,0,2023-12-14,14,23
3211,3212,2023-12-15 00:33:00,Van,FTG-892-BVC-554,B-102,Regular,Medium,110,110,"13.042660878688794, 77.47580097259879",54,GJ12CD4567,0,2023-12-15,15,0
3829,3830,2023-12-15 00:50:00,SUV,FTG-115-DQV-765,B-102,Regular,Large,150,150,"12.84197701525119, 77.67547528176169",96,TN45HI4567,0,2023-12-15,15,0
2937,2938,2023-12-15 01:28:00,Truck,FTG-438-LKJ-976,C-103,Regular,Large,350,350,"13.059816123454882, 77.77068662374292",81,KA01OP8901,0,2023-12-15,15,1
4112,4113,2023-12-15 02:34:00,Motorcycle,,D-106,Regular,Small,0,0,"12.936687032945434, 77.53113977439017",73,DL78GH4567,0,2023-12-15,15,2
4865,4866,2023-12-15 02:46:00,SUV,FTG-325-VBN-765,B-102,Regular,Large,145,145,"13.21331620748757, 77.55413526894684",80,MH23EF2345,0,2023-12-15,15,2
3119,3120,2023-12-15 03:08:00,Truck,FTG-700-QAZ-110,C-103,Regular,Large,290,60,"13.042660878688794, 77.47580097259879",54,KL34GH2345,1,2023-12-15,15,3
3502,3503,2023-12-15 04:39:00,Car,FTG-856-LMK-432,A-101,Express,Small,100,100,"12.84197701525119, 77.67547528176169",70,KA23OP0103,0,2023-12-15,15,4
4134,4135,2023-12-15 05:47:00,Truck,FTG-164-CDE-898,C-103,Express,Large,300,300,"12.936687032945434, 77.53113977439017",74,DL12CD4567,0,2023-12-15,15,5
2754,2755,2023-12-15 10:43:00,Motorcycle,,D-105,Regular,Small,0,0,"13.059816123454882, 77.77068662374292",70,KA86OP5566,0,2023-12-15,15,10
4822,4823,2023-12-15 10:44:00,Sedan,FTG-282-XCV-653,A-101,Express,Medium,115,0,"13.21331620748757, 77.55413526894684",55,MH90WX0123,1,2023-12-15,15,10
1808,1809,2023-12-15 11:45:00,Motorcycle,FTG-412-NOP-567,D-106,Regular,Small,0,0,"12.936687032945434, 77.53113977439017",49,KA74QR4577,0,2023-12-15,15,11
3276,3277,2023-12-15 14:18:00,SUV,FTG-533-JOP-321,B-102,Express,Large,130,130,"13.042660878688794, 77.47580097259879",45,GJ90ST4567,0,2023-12-15,15,14
2094,2095,2023-12-15 18:15:00,Car,FTG-859-IJK-012,A-101,Express,Small,90,90,"13.21331620748757, 77.55413526894684",49,GA22AB1234,0,2023-12-15,15,18
4908,4909,2023-12-15 20:48:00,Bus ,FTG-368-DCV-876,C-103,Express,Large,330,115,"13.21331620748757, 77.55413526894684",58,AP56AB4567,1,2023-12-15,15,20
4264,4265,2023-12-15 21:20:00,Bus ,FTG-068-ZAB-888,C-103,Express,Large,300,300,"12.936687032945434, 77.53113977439017",45,KA01UV4367,0,2023-12-15,15,21
3611,3612,2023-12-15 21:23:00,Sedan,FTG-965-LKJ-765,A-101,Regular,Medium,120,120,"12.84197701525119, 77.67547528176169",80,MH67ST6789,0,2023-12-15,15,21
4003,4004,2023-12-15 23:49:00,Sedan,FTG-137-ABC-967,A-101,Regular,Medium,110,110,"12.936687032945434, 77.53113977439017",75,KA90KL4567,0,2023-12-15,15,23
2095,2096,2023-12-16 01:00:00,Motorcycle,FTG-092-LMN-345,D-106,Regular,Small,0,0,"13.21331620748757, 77.55413526894684",76,MH22CD5678,0,2023-12-16,16,1
3028,3029,2023-12-16 01:43:00,Truck,FTG-609-RST-533,C-103,Express,Large,290,290,"13.042660878688794, 77.47580097259879",77,KA56DL0123,0,2023-12-16,16,1
4199,4200,2023-12-16 02:03:00,Sedan,FTG-003-GHI-333,A-101,Regular,Medium,110,110,"12.936687032945434, 77.53113977439017",72,DL01CD6789,0,2023-12-16,16,2
4479,4480,2023-12-16 02:27:00,Sedan,FTG-469-NBH-543,A-101,Regular,Medium,110,110,"12.936687032945434, 77.53113977439017",80,TN23QR8901,0,2023-12-16,16,2
3938,3939,2023-12-16 03:34:00,Truck,FTG-060-QAZ-217,C-103,Express,Large,340,340,"12.84197701525119, 77.67547528176169",65,GA45BC4567,0,2023-12-16,16,3
3851,3852,2023-12-16 04:04:00,Bus ,FTG-119-UTY-543,C-103,Regular,Large,340,340,"12.84197701525119, 77.67547528176169",82,TN67ZA2345,0,2023-12-16,16,4
4630,4631,2023-12-16 04:47:00,Motorcycle,,D-106,Regular,Small,0,0,"13.21331620748757, 77.55413526894684",52,KA67GH8901,0,2023-12-16,16,4
4759,4760,2023-12-16 05:53:00,Sedan,FTG-219-FRD-543,A-101,Regular,Medium,115,115,"13.21331620748757, 77.55413526894684",84,TN56KL4567,0,2023-12-16,16,5
1809,1810,2023-12-16 14:15:00,Truck,FTG-645-QRS-890,C-103,Regular,Large,300,300,"12.936687032945434, 77.53113977439017",52,KA74QR4578,0,2023-12-16,16,14
4329,4330,2023-12-16 15:34:00,Motorcycle,,D-106,Regular,Small,0,0,"12.936687032945434, 77.53113977439017",59,GA89YZ0123,0,2023-12-16,16,15
3368,3369,2023-12-16 17:00:00,Bus ,FTG-721-BVC-987,C-103,Express,Large,290,290,"13.042660878688794, 77.47580097259879",88,MH89QR0123,0,2023-12-16,16,17
3589,3590,2023-12-16 17:09:00,Van,FTG-943-QWE-321,B-102,Regular,Medium,130,130,"12.84197701525119, 77.67547528176169",92,MH12EF0123,0,2023-12-16,16,17
2325,2326,2023-12-16 18:45:00,Car,FTG-285-ZAC-765,A-101,Regular,Small,90,90,"13.21331620748757, 77.55413526894684",90,AP99ST7890,0,2023-12-16,16,18
3184,3185,2023-12-16 20:13:00,Sedan,FTG-671-WSX-987,A-101,Express,Medium,100,100,"13.042660878688794, 77.47580097259879",52,KL23WX2345,0,2023-12-16,16,20
2506,2507,2023-12-17 02:26:00,SUV,FTG-707-YKL-210,B-102,Express,Large,180,180,"13.059816123454882, 77.77068662374292",70,KA22PN4567,0,2023-12-17,17,2
3233,3234,2023-12-17 02:35:00,Sedan,FTG-114-KJH-018,A-101,Regular,Medium,100,100,"13.042660878688794, 77.47580097259879",50,GJ45QR4567,0,2023-12-17,17,2
2593,2594,2023-12-17 02:55:00,Motorcycle,,D-104,Regular,Small,0,0,"13.059816123454882, 77.77068662374292",83,KA56NB0123,0,2023-12-17,17,2
2959,2960,2023-12-17 04:38:00,Van,FTG-460-QAZ-270,B-102,Regular,Medium,140,140,"13.059816123454882, 77.77068662374292",97,KA01CD8901,0,2023-12-17,17,4
2619,2620,2023-12-17 04:56:00,Bus ,FTG-120-TRU-110,C-103,Regular,Large,350,350,"13.059816123454882, 77.77068662374292",78,KA78ZE8901,0,2023-12-17,17,4
3141,3142,2023-12-17 06:28:00,Van,FTG-822-XSW-614,B-102,Regular,Medium,110,110,"13.042660878688794, 77.47580097259879",50,KL67UV2345,0,2023-12-17,17,6
2096,2097,2023-12-17 06:50:00,Truck,FTG-325-OPQ-678,C-103,Express,Large,330,90,"13.21331620748757, 77.55413526894684",63,AP23EF9012,1,2023-12-17,17,6
4372,4373,2023-12-17 07:34:00,Truck,FTG-156-NOP-666,C-103,Express,Large,300,60,"12.936687032945434, 77.53113977439017",45,GJ45MN2345,1,2023-12-17,17,7
2867,2868,2023-12-17 13:38:00,Truck,FTG-368-DCV-896,C-103,Regular,Large,350,350,"13.059816123454882, 77.77068662374292",78,KA94DE4567,0,2023-12-17,17,13
1810,1811,2023-12-17 16:30:00,Van,FTG-878-TUV-123,B-102,Express,Medium,120,110,"12.936687032945434, 77.53113977439017",46,KA74QR4579,1,2023-12-17,17,16
4415,4416,2023-12-17 22:36:00,Van,FTG-405-LMN-745,B-102,Regular,Medium,120,120,"12.936687032945434, 77.53113977439017",78,TN23IJ7890,0,2023-12-17,17,22
4308,4309,2023-12-18 03:45:00,Motorcycle,,D-106,Regular,Small,0,0,"12.936687032945434, 77.53113977439017",49,GA34IJ6789,0,2023-12-18,18,3
3655,3656,2023-12-18 03:51:00,Bus ,FTG-009-RST-543,C-103,Regular,Large,340,340,"12.84197701525119, 77.67547528176169",81,KA34RS2345,0,2023-12-18,18,3
3050,3051,2023-12-18 04:33:00,Van,FTG-631-ZAS-947,B-102,Express,Medium,110,90,"13.042660878688794, 77.47580097259879",60,KA89YZ0123,1,2023-12-18,18,4
3524,3525,2023-12-18 07:53:00,Motorcycle,,D-106,Regular,Small,0,0,"12.84197701525119, 77.67547528176169",52,KA56IJ5678,0,2023-12-18,18,7
2097,2098,2023-12-18 13:35:00,Van,FTG-558-RST-901,B-102,Regular,Medium,125,125,"13.21331620748757, 77.55413526894684",88,GA23GH3456,0,2023-12-18,18,13
4951,4952,2023-12-18 13:51:00,Car,FTG-411-QWE-987,A-101,Regular,Small,90,90,"13.21331620748757, 77.55413526894684",81,AP89IJ6789,0,2023-12-18,18,13
2334,2335,2023-12-18 17:15:00,Truck,FTG-294-KJH-098,C-103,Express,Large,330,330,"13.21331620748757, 77.55413526894684",52,MH01IJ7890,0,2023-12-18,18,17
1811,1812,2023-12-18 18:45:00,Sedan,FTG-111-WXY-456,A-101,Regular,Medium,110,110,"12.936687032945434, 77.53113977439017",58,KA74QR4580,0,2023-12-18,18,18
4673,4674,2023-12-18 21:49:00,Truck,FTG-133-JOP-321,C-103,Regular,Large,330,330,"13.21331620748757, 77.55413526894684",92,UP56AB6789,0,2023-12-18,18,21
4801,4802,2023-12-18 21:56:00,Sedan,FTG-261-POU-982,A-101,Regular,Medium,115,115,"13.21331620748757, 77.55413526894684",88,MH89UV5678,0,2023-12-18,18,21
3742,3743,2023-12-19 02:20:00,Truck,FTG-040-POU-219,C-103,Express,Large,340,340,"12.84197701525119, 77.67547528176169",64,MH23AB0123,0,2023-12-19,19,2
4587,4588,2023-12-19 12:45:00,Car,FTG-047-XCV-987,A-101,Regular,Small,90,0,"13.21331620748757, 77.55413526894684",91,UP56WX5678,1,2023-12-19,19,12
2776,2777,2023-12-19 13:53:00,Truck,FTG-042-BVC-432,C-103,Express,Large,350,350,"13.059816123454882, 77.77068662374292",52,KA10DE8901,0,2023-12-19,19,13
4458,4459,2023-12-19 14:38:00,Sedan,FTG-448-JTL-876,A-101,Express,Medium,110,70,"12.936687032945434, 77.53113977439017",71,RJ78QR1234,1,2023-12-19,19,14
2889,2890,2023-12-19 16:48:00,Van,FTG-390-RFD-710,B-102,Regular,Medium,140,140,"13.059816123454882, 77.77068662374292",96,KA23FG2345,0,2023-12-19,19,16
2098,2099,2023-12-19 19:25:00,Sedan,FTG-791-UVW-234,A-101,Express,Medium,115,115,"13.21331620748757, 77.55413526894684",74,MH23IJ7890,0,2023-12-19,19,19
4544,4545,2023-12-19 21:43:00,Bus ,FTG-614-KJH-098,C-103,Express,Large,330,330,"13.21331620748757, 77.55413526894684",46,AP23QR1234,0,2023-12-19,19,21
2099,2100,2023-12-20 02:10:00,SUV,FTG-024-XYZ-567,B-102,Regular,Large,145,145,"13.21331620748757, 77.55413526894684",96,AP24KL1234,0,2023-12-20,20,2
4887,4888,2023-12-20 07:00:00,Bus ,FTG-347-XCV-100,C-103,Regular,Large,330,330,"13.21331620748757, 77.55413526894684",80,DL09EF1234,0,2023-12-20,20,7
3895,3896,2023-12-20 11:31:00,Motorcycle,,D-106,Regular,Small,0,0,"12.84197701525119, 77.67547528176169",92,GA12UV3456,0,2023-12-20,20,11
4178,4179,2023-12-20 13:15:00,Sedan,FTG-168-DCV-866,A-101,Express,Medium,110,110,"12.936687032945434, 77.53113977439017",72,DL56MN4567,0,2023-12-20,20,13
4716,4717,2023-12-20 13:51:00,Van,FTG-176-CDE-432,B-102,Express,Medium,125,125,"13.21331620748757, 77.55413526894684",64,TN23CD2345,0,2023-12-20,20,13
4844,4845,2023-12-20 14:58:00,SUV,FTG-304-DEF-090,B-102,Express,Large,145,145,"13.21331620748757, 77.55413526894684",69,MH12OP8901,0,2023-12-20,20,14
1812,1813,2023-12-20 21:15:00,SUV,FTG-344-ZAB-789,B-102,Express,Large,140,60,"12.936687032945434, 77.53113977439017",53,KA74QR4581,1,2023-12-20,20,21
4501,4502,2023-12-21 04:40:00,SUV,FTG-491-YUI-987,B-102,Regular,Large,145,145,"13.21331620748757, 77.55413526894684",79,KA89IJ3456,0,2023-12-21,21,4
2183,2184,2023-12-21 07:45:00,SUV,FTG-143-QWE-324,B-102,Regular,Large,145,145,"13.21331620748757, 77.55413526894684",80,AP52WX5678,0,2023-12-21,21,7
2100,2101,2023-12-21 08:00:00,Bus ,FTG-257-BCA-890,C-103,Express,Large,330,330,"13.21331620748757, 77.55413526894684",61,GA24MN5678,0,2023-12-21,21,8
2434,2435,2023-12-21 08:15:00,Sedan,FTG-394-KJH-098,A-101,Express,Medium,115,115,"13.21331620748757, 77.55413526894684",61,AP35AB1234,0,2023-12-21,21,8
4243,4244,2023-12-21 08:31:00,Bus ,FTG-047-EFG-777,C-103,Regular,Large,300,300,"12.936687032945434, 77.53113977439017",37,KA90EF0223,0,2023-12-21,21,8
3982,3983,2023-12-21 11:01:00,Sedan,FTG-456-YUI-920,A-101,Express,Medium,120,120,"12.84197701525119, 77.67547528176169",50,GA89LM9012,0,2023-12-21,21,11
2344,2345,2023-12-21 15:45:00,SUV,FTG-304-DEF-098,B-102,Express,Large,145,145,"13.21331620748757, 77.55413526894684",69,AP05CD5678,0,2023-12-21,21,15
4930,4931,2023-12-22 01:02:00,Car,FTG-390-RFD-216,A-101,Express,Small,90,90,"13.21331620748757, 77.55413526894684",66,AP78ST2345,0,2023-12-22,22,1
2443,2444,2023-12-22 05:15:00,Bus ,FTG-403-PQR-321,C-103,Regular,Large,330,115,"13.21331620748757, 77.55413526894684",86,AP38ST7890,1,2023-12-22,22,5
3786,3787,2023-12-22 08:47:00,Sedan,FTG-107-QAZ-654,A-101,Express,Medium,120,120,"12.84197701525119, 77.67547528176169",47,AP45OP4567,0,2023-12-22,22,8
2101,2102,2023-12-22 13:45:00,Car,FTG-490-DEF-123,A-101,Regular,Small,90,90,"13.21331620748757, 77.55413526894684",85,MH24OP9012,0,2023-12-22,22,13
2354,2355,2023-12-22 14:15:00,Motorcycle,,D-106,Regular,Small,0,0,"13.21331620748757, 77.55413526894684",53,GA08WX5678,0,2023-12-22,22,14
4091,4092,2023-12-22 14:45:00,Motorcycle,,D-106,Regular,Small,0,0,"12.936687032945434, 77.53113977439017",74,KA23MN5678,0,2023-12-22,22,14
1813,1814,2023-12-22 23:30:00,Bus ,FTG-577-CDE-012,C-103,Regular,Large,300,300,"12.936687032945434, 77.53113977439017",47,KA74QR4582,0,2023-12-22,22,23
2463,2464,2023-12-23 02:15:00,SUV,FTG-423-NRK-321,B-102,Regular,Large,145,145,"13.21331620748757, 77.55413526894684",80,MH44GH3456,0,2023-12-23,23,2
2528,2529,2023-12-23 05:39:00,Bus ,FTG-129-QAZ-321,C-103,Express,Large,350,350,"13.059816123454882, 77.77068662374292",73,KA45ZB6779,0,2023-12-23,23,5
2194,2195,2023-12-23 07:30:00,Truck,FTG-154-KJH-093,C-103,Express,Large,330,330,"13.21331620748757, 77.55413526894684",69,MH55ST7890,0,2023-12-23,23,7
3721,3722,2023-12-23 14:31:00,Truck,FTG-054-KJH-103,C-103,Regular,Large,340,100,"12.84197701525119, 77.67547528176169",78,MH56KL0123,1,2023-12-23,23,14
2102,2103,2023-12-23 20:30:00,Motorcycle,FTG-723-GHI-456,D-106,Regular,Small,0,0,"13.21331620748757, 77.55413526894684",52,AP25QR3456,0,2023-12-23,23,20
2493,2494,2023-12-23 21:45:00,Car,FTG-453-NPH-321,A-101,Regular,Small,90,90,"13.21331620748757, 77.55413526894684",97,KA32OP3456,0,2023-12-23,23,21
2483,2484,2023-12-23 23:15:00,Sedan,FTG-443-QWE-321,A-101,Regular,Medium,115,90,"13.21331620748757, 77.55413526894684",85,KA32CD3456,1,2023-12-23,23,23
2473,2474,2023-12-24 00:45:00,Motorcycle,,D-106,Regular,Small,0,0,"13.21331620748757, 77.55413526894684",84,AP48AB1234,0,2023-12-24,24,0
1814,1815,2023-12-24 01:45:00,Car,FTG-810-FGH-345,A-101,Express,Small,70,0,"12.936687032945434, 77.53113977439017",45,KA74QR4583,1,2023-12-24,24,1
2103,2104,2023-12-24 02:20:00,Truck,FTG-956-JKL-789,C-103,Regular,Large,330,330,"13.21331620748757, 77.55413526894684",79,GA25ST7890,0,2023-12-24,24,2
2453,2454,2023-12-24 03:45:00,Truck,FTG-413-PPI-321,C-103,Regular,Large,330,330,"13.21331620748757, 77.55413526894684",92,GA41MN5678,0,2023-12-24,24,3
2413,2414,2023-12-24 05:15:00,Sedan,FTG-373-KYH-321,A-101,Regular,Medium,115,115,"13.21331620748757, 77.55413526894684",75,AP28KL1234,0,2023-12-24,24,5
2403,2404,2023-12-24 06:45:00,Motorcycle,,D-106,Regular,Small,0,0,"13.21331620748757, 77.55413526894684",105,MH24QR3456,0,2023-12-24,24,6
2172,2173,2023-12-24 09:00:00,Motorcycle,,D-106,Regular,Small,0,0,"13.21331620748757, 77.55413526894684",65,GA48AB1234,0,2023-12-24,24,9
2803,2804,2023-12-24 10:58:00,Motorcycle,,D-105,Regular,Small,0,0,"13.059816123454882, 77.77068662374292",93,KA35DE8901,0,2023-12-24,24,10
1815,1816,2023-12-25 04:15:00,Motorcycle,FTG-043-IJK-678,D-106,Regular,Small,0,0,"12.936687032945434, 77.53113977439017",50,KA10ST8905,0,2023-12-25,25,4
3764,3765,2023-12-25 05:34:00,Van,FTG-133-CED-104,B-102,Express,Medium,130,130,"12.84197701525119, 77.67547528176169",59,AP23WX6789,0,2023-12-25,25,5
3677,3678,2023-12-25 07:04:00,Car,FTG-031-ZAS-987,A-101,Regular,Small,100,100,"12.84197701525119, 77.67547528176169",75,KA90JK5678,0,2023-12-25,25,7
2981,2982,2023-12-25 07:48:00,Sedan,FTG-482-XCV-454,A-101,Regular,Medium,160,160,"13.059816123454882, 77.77068662374292",82,KA34BD6789,0,2023-12-25,25,7
2077,2078,2023-12-25 08:05:00,Sedan,FTG-898-JKL-901,A-101,Regular,Medium,115,90,"13.21331620748757, 77.55413526894684",78,MH16ST7890,1,2023-12-25,25,8
2641,2642,2023-12-25 08:10:00,Car,FTG-122-VBN-654,A-101,Regular,Small,120,120,"13.059816123454882, 77.77068662374292",84,KA46MN2345,0,2023-12-25,25,8
3163,3164,2023-12-25 09:08:00,Sedan,FTG-444-MRH-098,A-101,Regular,Medium,100,100,"13.042660878688794, 77.47580097259879",56,KL12KL4567,0,2023-12-25,25,9
4394,4395,2023-12-25 10:48:00,Van,FTG-178-KLM-888,B-102,Express,Medium,120,120,"12.936687032945434, 77.53113977439017",60,BR45ST6789,0,2023-12-25,25,10
3390,3391,2023-12-25 14:48:00,Car,FTG-743-QWE-321,A-101,Express,Small,60,60,"13.042660878688794, 77.47580097259879",90,KA23MN1234,0,2023-12-25,25,14
4609,4610,2023-12-25 16:58:00,Motorcycle,,D-106,Regular,Small,0,0,"13.21331620748757, 77.55413526894684",83,KA56QR4567,0,2023-12-25,25,16
4351,4352,2023-12-25 19:45:00,Truck,FTG-135-RST-555,C-103,Regular,Large,300,300,"12.936687032945434, 77.53113977439017",56,GA56QR4567,0,2023-12-25,25,19
3255,3256,2023-12-26 03:23:00,SUV,FTG-512-ZXC-664,B-102,Regular,Large,130,100,"13.042660878688794, 77.47580097259879",29,GJ89GH6789,1,2023-12-26,26,3
3415,3416,2023-12-26 06:09:00,Sedan,FTG-768-DCV-876,A-101,Regular,Medium,100,100,"13.042660878688794, 77.47580097259879",66,KA23LM8801,0,2023-12-26,26,6
4047,4048,2023-12-26 06:18:00,Bus ,FTG-037-NJI-987,C-103,Regular,Large,300,300,"12.936687032945434, 77.53113977439017",68,KA34TU0123,0,2023-12-26,26,6
1816,1817,2023-12-26 06:30:00,Truck,FTG-276-LMN-901,C-103,Express,Large,300,300,"12.936687032945434, 77.53113977439017",55,KA10ST8906,0,2023-12-26,26,6
2205,2206,2023-12-26 08:15:00,Bus ,FTG-165-LKJ-725,C-103,Regular,Large,330,330,"13.21331620748757, 77.55413526894684",79,GA59OP9012,0,2023-12-26,26,8
4652,4653,2023-12-26 09:01:00,Truck,FTG-112-ZXC-556,C-103,Express,Large,330,330,"13.21331620748757, 77.55413526894684",64,KA89AB6789,0,2023-12-26,26,9
3323,3324,2023-12-26 09:45:00,Van,FTG-580-TGB-210,B-102,Regular,Medium,110,110,"13.042660878688794, 77.47580097259879",56,KA90LM8901,0,2023-12-26,26,9
4780,4781,2023-12-26 10:07:00,Sedan,FTG-240-POU-219,A-101,Express,Medium,115,90,"13.21331620748757, 77.55413526894684",44,TN67CD8901,1,2023-12-26,26,10
4069,4070,2023-12-26 10:31:00,Car,FTG-273-UIP-130,A-101,Regular,Small,70,70,"12.936687032945434, 77.53113977439017",55,KA56LM8901,0,2023-12-26,26,10
3546,3547,2023-12-26 12:07:00,Truck,FTG-900-QAZ-210,C-103,Express,Large,340,340,"12.84197701525119, 77.67547528176169",71,KA89YZ5678,0,2023-12-26,26,12
3699,3700,2023-12-26 12:18:00,Motorcycle,,D-106,Regular,Small,0,0,"12.84197701525119, 77.67547528176169",81,KA78BC8901,0,2023-12-26,26,12
2363,2364,2023-12-26 12:45:00,Van,FTG-323-NAK-321,B-102,Regular,Medium,125,125,"13.21331620748757, 77.55413526894684",93,GA11OP9012,0,2023-12-26,26,12
2078,2079,2023-12-26 13:55:00,SUV,FTG-131-MNO-234,B-102,Express,Large,145,145,"13.21331620748757, 77.55413526894684",67,AP17UV1234,0,2023-12-26,26,13
3481,3482,2023-12-26 15:51:00,Car,FTG-835-EDC-765,A-101,Regular,Small,60,0,"13.042660878688794, 77.47580097259879",81,KA23IJ1734,1,2023-12-26,26,15
896,897,2023-12-26 17:15:00,Bus ,FTG-749-RFD-542,C-103,Express,Large,290,110,"13.042660878688794, 77.47580097259879",98,KA08EF8901,1,2023-12-26,26,17
804,805,2023-12-26 17:15:00,SUV,FTG-561-POU-982,B-102,Express,Large,130,130,"13.042660878688794, 77.47580097259879",45,KA29QR4537,0,2023-12-26,26,17
2846,2847,2023-12-27 01:53:00,Truck,FTG-347-XCV-199,C-103,Express,Large,350,350,"13.059816123454882, 77.77068662374292",66,KA75DE8901,0,2023-12-27,27,1
2423,2424,2023-12-27 03:45:00,Car,FTG-383-LLJ-321,A-101,Regular,Small,90,90,"13.21331620748757, 77.55413526894684",87,GA31EF9012,0,2023-12-27,27,3
3072,3073,2023-12-27 07:43:00,Sedan,FTG-653-NBH-321,A-101,Express,Medium,100,100,"13.042660878688794, 77.47580097259879",49,KA34OP2345,0,2023-12-27,27,7
1817,1818,2023-12-27 08:45:00,Van,FTG-509-OPQ-234,B-102,Regular,Medium,120,60,"12.936687032945434, 77.53113977439017",48,KA10ST8907,1,2023-12-27,27,8
3437,3438,2023-12-27 10:23:00,SUV,FTG-790-RFD-210,B-102,Regular,Large,130,130,"13.042660878688794, 77.47580097259879",88,KA67GH1234,0,2023-12-27,27,10
3094,3095,2023-12-27 10:43:00,SUV,FTG-675-YUI-765,B-102,Express,Large,130,0,"13.042660878688794, 77.47580097259879",58,KL45MN4567,1,2023-12-27,27,10
2373,2374,2023-12-27 11:15:00,Bus ,FTG-333-JOP-321,C-103,Regular,Large,330,330,"13.21331620748757, 77.55413526894684",97,MH14IJ7890,0,2023-12-27,27,11
2663,2664,2023-12-27 11:24:00,Motorcycle,,D-105,Regular,Small,0,0,"13.059816123454882, 77.77068662374292",78,KA66AB2345,0,2023-12-27,27,11
3459,3460,2023-12-27 13:37:00,Bus ,FTG-812-ZXC-654,C-103,Regular,Large,290,100,"13.042660878688794, 77.47580097259879",87,KA90UV1234,1,2023-12-27,27,13
906,907,2023-12-27 15:45:00,Truck,FTG-759-WSX-542,C-103,Express,Large,290,90,"13.042660878688794, 77.47580097259879",75,KA38YZ6789,1,2023-12-27,27,15
814,815,2023-12-27 15:45:00,Motorcycle,,D-106,Regular,Small,0,0,"13.042660878688794, 77.47580097259879",76,KA59KL2445,0,2023-12-27,27,15
3298,3299,2023-12-27 16:23:00,Bus ,FTG-555-EDC-765,C-103,Express,Large,290,290,"13.042660878688794, 77.47580097259879",34,GJ34GH4567,0,2023-12-27,27,16
4738,4739,2023-12-27 18:05:00,Sedan,FTG-198-VFR-877,A-101,Express,Medium,115,115,"13.21331620748757, 77.55413526894684",61,TN45UV0123,0,2023-12-27,27,18
4973,4974,2023-12-27 19:04:00,Motorcycle,,D-106,Regular,Small,0,0,"13.21331620748757, 77.55413526894684",84,AP01AB4567,0,2023-12-27,27,19
2711,2712,2023-12-27 19:48:00,Car,FTG-212-ZXC-554,A-101,Regular,Small,120,120,"13.059816123454882, 77.77068662374292",87,KA46MN5566,0,2023-12-27,27,19
2079,2080,2023-12-27 20:40:00,Bus ,FTG-364-PQR-567,C-103,Regular,Large,330,330,"13.21331620748757, 77.55413526894684",95,GA17WX5678,0,2023-12-27,27,20
4157,4158,2023-12-28 00:26:00,Sedan,FTG-147-XGV-109,A-101,Regular,Medium,110,110,"12.936687032945434, 77.53113977439017",67,DL01WX2345,0,2023-12-28,28,0
4566,4567,2023-12-28 00:56:00,Car,FTG-636-OKM-432,A-101,Express,Small,90,90,"13.21331620748757, 77.55413526894684",70,TS67GH2345,0,2023-12-28,28,0
744,745,2023-12-28 02:15:00,Motorcycle,,D-106,Regular,Small,0,0,"13.042660878688794, 77.47580097259879",53,KA47AB2345,0,2023-12-28,28,2
836,837,2023-12-28 02:15:00,Truck,FTG-593-NBH-322,C-103,Express,Large,290,290,"13.042660878688794, 77.47580097259879",76,KA26OP8901,0,2023-12-28,28,2
2080,2081,2023-12-28 02:30:00,Car,FTG-597-STU-890,A-101,Express,Small,90,90,"13.21331620748757, 77.55413526894684",55,MH17YZ9012,0,2023-12-28,28,2
2550,2551,2023-12-28 08:53:00,Car,FTG-041-YUI-765,A-101,Express,Small,120,120,"13.059816123454882, 77.77068662374292",69,KA23RS8902,0,2023-12-28,28,8
4523,4524,2023-12-28 08:54:00,Bus ,FTG-513-POI-321,C-103,Regular,Large,330,330,"13.21331620748757, 77.55413526894684",87,DL09AB7890,0,2023-12-28,28,8
2216,2217,2023-12-28 09:00:00,Van,FTG-176-CDE-437,B-102,Express,Medium,125,125,"13.21331620748757, 77.55413526894684",64,MH62IJ7890,0,2023-12-28,28,9
1818,1819,2023-12-28 11:15:00,Sedan,FTG-742-RST-567,A-101,Express,Medium,110,110,"12.936687032945434, 77.53113977439017",60,KA10ST8908,0,2023-12-28,28,11
824,825,2023-12-28 14:15:00,Sedan,FTG-720-IJK-420,A-101,Express,Medium,100,100,"13.042660878688794, 77.47580097259879",87,KA89EF0193,0,2023-12-28,28,14
916,917,2023-12-28 14:15:00,SUV,FTG-769-NBH-541,B-102,Express,Large,130,130,"13.042660878688794, 77.47580097259879",67,KA68ST6789,0,2023-12-28,28,14
2798,2799,2023-12-28 17:07:00,Van,FTG-206-GHI-332,B-102,Express,Medium,140,140,"13.059816123454882, 77.77068662374292",71,KA31DE2345,0,2023-12-28,28,17
3874,3875,2023-12-28 22:43:00,Motorcycle,,D-106,Regular,Small,0,0,"12.84197701525119, 77.67547528176169",67,TN90TU4567,0,2023-12-28,28,22
2733,2734,2023-12-28 22:58:00,Motorcycle,,D-105,Regular,Small,0,0,"13.059816123454882, 77.77068662374292",81,KA67CD7788,0,2023-12-28,28,22
3961,3962,2023-12-28 23:12:00,Sedan,FTG-102-GKL-253,A-101,Regular,Medium,120,120,"12.84197701525119, 77.67547528176169",81,GA78VW6789,0,2023-12-28,28,23
846,847,2023-12-29 00:45:00,SUV,FTG-790-PQR-680,B-102,Express,Large,130,130,"13.042660878688794, 77.47580097259879",45,KA56IJ6789,0,2023-12-29,29,0
754,755,2023-12-29 00:45:00,Sedan,FTG-760-MNO-250,A-101,Express,Medium,100,100,"13.042660878688794, 77.47580097259879",28,AP77UV2345,0,2023-12-29,29,0
4695,4696,2023-12-29 01:03:00,Van,FTG-155-EDC-765,B-102,Regular,Medium,125,125,"13.21331620748757, 77.55413526894684",94,GA23CD2345,0,2023-12-29,29,1
4437,4438,2023-12-29 02:50:00,Sedan,FTG-427-HFT-109,A-101,Regular,Medium,110,110,"12.936687032945434, 77.53113977439017",77,KA89AB9012,0,2023-12-29,29,2
3568,3569,2023-12-29 04:21:00,Van,FTG-922-XSW-654,B-102,Express,Medium,130,130,"12.84197701525119, 77.67547528176169",67,KA45ZR6789,0,2023-12-29,29,4
2081,2082,2023-12-29 08:20:00,Motorcycle,FTG-830-VWX-123,D-106,Regular,Small,0,0,"13.21331620748757, 77.55413526894684",80,AP18AB1234,0,2023-12-29,29,8
2383,2384,2023-12-29 09:45:00,Truck,FTG-343-QWE-321,C-103,Regular,Large,330,330,"13.21331620748757, 77.55413526894684",78,AP18CD5678,0,2023-12-29,29,9
1819,1820,2023-12-29 13:30:00,SUV,FTG-975-UVW-890,B-102,Regular,Large,140,120,"12.936687032945434, 77.53113977439017",42,KA10ST8909,1,2023-12-29,29,13
2916,2917,2023-12-29 13:53:00,Truck,FTG-417-LKI-189,C-103,Express,Large,350,350,"13.059816123454882, 77.77068662374292",67,KA23DE2345,0,2023-12-29,29,13
3007,3008,2023-12-29 14:18:00,Truck,FTG-508-UVW-856,C-103,Regular,Large,290,290,"13.042660878688794, 77.47580097259879",93,KA45YZ2345,0,2023-12-29,29,14
3917,3918,2023-12-29 15:45:00,Truck,FTG-920-TYU-210,C-103,Regular,Large,340,340,"12.84197701525119, 77.67547528176169",80,GA34MN0123,0,2023-12-29,29,15
4287,4288,2023-12-29 15:59:00,Motorcycle,,D-106,Regular,Small,0,0,"12.936687032945434, 77.53113977439017",42,GA89ST4567,0,2023-12-29,29,15
3634,3635,2023-12-29 16:02:00,Bus ,FTG-988-WSX-876,C-103,Express,Large,340,340,"12.84197701525119, 77.67547528176169",53,KA67BC4567,0,2023-12-29,29,16
3346,3347,2023-12-29 20:20:00,SUV,FTG-699-WSX-543,B-102,Express,Large,130,100,"13.042660878688794, 77.47580097259879",45,KA67KL1234,1,2023-12-29,29,20
4222,4223,2023-12-29 20:43:00,Bus ,FTG-026-IJK-666,C-103,Express,Large,300,300,"12.936687032945434, 77.53113977439017",58,KA89OP6889,0,2023-12-29,29,20
2755,2756,2023-12-30 02:08:00,Truck,FTG-256-LMK-132,C-103,Regular,Large,350,350,"13.059816123454882, 77.77068662374292",97,KA87QR7788,0,2023-12-30,30,2
4823,4824,2023-12-30 02:09:00,SUV,FTG-283-LKJ-321,B-102,Regular,Large,145,145,"13.21331620748757, 77.55413526894684",82,MH01YZ4567,0,2023-12-30,30,2
2227,2228,2023-12-30 09:45:00,Car,FTG-187-HGT-159,A-101,Regular,Small,90,90,"13.21331620748757, 77.55413526894684",87,GA66EF9012,0,2023-12-30,30,9
3808,3809,2023-12-30 12:01:00,SUV,FTG-104-KJH-098,B-102,Express,Large,150,120,"12.84197701525119, 77.67547528176169",71,TN34ST0123,1,2023-12-30,30,12
2572,2573,2023-12-30 13:07:00,Motorcycle,,D-104,Regular,Small,0,0,"13.059816123454882, 77.77068662374292",53,KA89JK1134,0,2023-12-30,30,13
2685,2686,2023-12-30 14:38:00,Truck,FTG-136-PLM-432,C-103,Regular,Large,350,350,"13.059816123454882, 77.77068662374292",96,KA86OP2345,0,2023-12-30,30,14
2082,2083,2023-12-30 15:05:00,Truck,FTG-063-YZA-456,C-103,Express,Large,330,330,"13.21331620748757, 77.55413526894684",62,GA18CD5678,0,2023-12-30,30,15
1820,1821,2023-12-30 15:45:00,Bus ,FTG-208-XYZ-123,C-103,Express,Large,300,300,"12.936687032945434, 77.53113977439017",57,KA10ST8910,0,2023-12-30,30,15
3212,3213,2023-12-30 15:58:00,Sedan,FTG-893-NBH-351,A-101,Express,Medium,100,100,"13.042660878688794, 77.47580097259879",43,GJ34EF6789,0,2023-12-30,30,15
3830,3831,2023-12-30 16:16:00,Bus ,FTG-116-NBH-132,C-103,Express,Large,340,340,"12.84197701525119, 77.67547528176169",47,TN56JK8901,0,2023-12-30,30,16
2938,2939,2023-12-30 16:53:00,Van,FTG-439-UTY-943,B-102,Express,Medium,140,140,"13.059816123454882, 77.77068662374292",60,KA23SR2345,0,2023-12-30,30,16
4113,4114,2023-12-30 17:59:00,Truck,FTG-163-PQR-321,C-103,Regular,Large,300,300,"12.936687032945434, 77.53113977439017",68,MH78ST6789,0,2023-12-30,30,17
4866,4867,2023-12-30 18:11:00,Bus ,FTG-326-PLM-436,C-103,Express,Large,330,330,"13.21331620748757, 77.55413526894684",62,MH34GH6789,0,2023-12-30,30,18
3120,3121,2023-12-30 18:33:00,Van,FTG-801-XYZ-187,B-102,Express,Medium,110,110,"13.042660878688794, 77.47580097259879",43,KL56IJ4567,0,2023-12-30,30,18
3503,3504,2023-12-30 20:04:00,Motorcycle,,D-106,Regular,Small,0,0,"12.84197701525119, 77.67547528176169",97,KA34KA2345,0,2023-12-30,30,20
4135,4136,2023-12-30 21:12:00,Van,FTG-165-VBN-765,B-102,Regular,Medium,120,120,"12.936687032945434, 77.53113977439017",79,DL34EF6789,0,2023-12-30,30,21
764,765,2023-12-30 23:15:00,Car,FTG-521-BVC-981,A-101,Express,Small,60,100,"13.042660878688794, 77.47580097259879",38,KA07OP0123,1,2023-12-30,30,23
856,857,2023-12-30 23:15:00,Motorcycle,,D-106,Regular,Small,0,0,"13.042660878688794, 77.47580097259879",77,KA86CD4567,0,2023-12-30,30,23
2868,2869,2023-12-31 05:03:00,Van,FTG-369-NBH-593,B-102,Express,Medium,140,140,"13.059816123454882, 77.77068662374292",67,KA95DE8901,0,2023-12-31,31,5
4330,4331,2023-12-31 06:59:00,Truck,FTG-114-VWX-444,C-103,Express,Large,300,300,"12.936687032945434, 77.53113977439017",54,GA01AB2345,0,2023-12-31,31,6
3590,3591,2023-12-31 08:34:00,Sedan,FTG-944-MKH-096,A-101,Express,Medium,120,120,"12.84197701525119, 77.67547528176169",51,MH34GH2345,0,2023-12-31,31,8
3185,3186,2023-12-31 11:28:00,SUV,FTG-678-NJH-876,B-102,Regular,Large,130,130,"13.042660878688794, 77.47580097259879",45,KL45YZ4567,0,2023-12-31,31,11
4909,4910,2023-12-31 12:14:00,Car,FTG-369-NBH-541,A-101,Regular,Small,90,90,"13.21331620748757, 77.55413526894684",81,AP67CD8901,0,2023-12-31,31,12
4265,4266,2023-12-31 12:45:00,Car,FTG-069-BCD-999,A-101,Regular,Small,70,70,"12.936687032945434, 77.53113977439017",55,GA12AB3456,0,2023-12-31,31,12
3612,3613,2023-12-31 12:48:00,SUV,FTG-966-HGT-432,B-102,Express,Large,150,150,"12.84197701525119, 77.67547528176169",62,MH89UV0123,0,2023-12-31,31,12
4004,4005,2023-12-31 15:15:00,SUV,FTG-137-ABC-991,B-102,Express,Large,140,140,"12.936687032945434, 77.53113977439017",78,KA01MN8901,0,2023-12-31,31,15
3029,3030,2023-12-31 17:08:00,Van,FTG-610-MNO-230,B-102,Regular,Medium,110,100,"13.042660878688794, 77.47580097259879",78,KA78DN2345,1,2023-12-31,31,17
4200,4201,2023-12-31 17:28:00,SUV,FTG-004-JKL-444,B-102,Express,Large,140,140,"12.936687032945434, 77.53113977439017",75,DL23EF0123,0,2023-12-31,31,17
4480,4481,2023-12-31 17:52:00,SUV,FTG-470-POI-210,B-102,Express,Large,140,140,"12.936687032945434, 77.53113977439017",62,RJ78ST0123,0,2023-12-31,31,17
1821,1822,2023-12-31 18:15:00,Car,FTG-441-BCA-456,A-101,Regular,Small,70,70,"12.936687032945434, 77.53113977439017",49,KA10ST8911,0,2023-12-31,31,18
3852,3853,2023-12-31 19:29:00,Car,FTG-138-LEJ-876,A-101,Express,Small,100,100,"12.84197701525119, 77.67547528176169",67,TN78BC6789,0,2023-12-31,31,19
3939,3940,2023-12-31 19:59:00,Van,FTG-054-KJH-102,B-102,Regular,Medium,130,130,"12.84197701525119, 77.67547528176169",90,GA56DE8901,0,2023-12-31,31,19
2083,2084,2023-12-31 20:55:00,Van,FTG-296-BCD-789,B-102,Regular,Medium,125,125,"13.21331620748757, 77.55413526894684",87,MH18EF9012,0,2023-12-31,31,20
866,867,2023-12-31 21:45:00,Sedan,FTG-719-FRD-542,A-101,Express,Medium,100,90,"13.042660878688794, 77.47580097259879",45,KA16WX3456,1,2023-12-31,31,21
774,775,2023-12-31 21:45:00,Van,FTG-531-ZAS-982,B-102,Express,Medium,110,110,"13.042660878688794, 77.47580097259879",34,KA37IJ8901,0,2023-12-31,31,21
